Zone,Area,Zone_type,LAD,ZonG,Core,D30_Districts ID
1,40,X,Southampton,0,Core,10
2,40,X,Southampton,0,Core,10
3,40,X,Southampton,0,Core,10
4,40,X,Eastleigh,0,Core,2
5,40,X,Portsmouth,0,Core,9
6,40,X,Eastleigh,0,Core,2
7,40,X,Eastleigh,0,Core,2
8,40,X,Test Valley,0,Core,7
9,40,X,Portsmouth,0,Core,9
10,40,X,Portsmouth,0,Core,9
11,40,X,Portsmouth,0,Core,9
12,40,X,Winchester,0,Core,8
13,40,X,Winchester,0,Core,8
14,40,X,Eastleigh,0,Core,2
15,40,X,Winchester,0,Core,8
16,40,X,Havant,0,Core,5
17,40,X,Southampton,0,Core,10
18,40,X,Portsmouth,0,Core,9
19,40,X,Fareham,0,Core,3
20,40,X,Eastleigh,0,Core,2
21,40,X,Portsmouth,0,Core,9
22,40,X,Eastleigh,0,Core,2
23,40,X,Fareham,0,Core,3
24,40,X,Fareham,0,Core,3
25,3,F,Southampton,-105,Core,10
26,3,F,Southampton,-105,Core,10
27,3,F,Southampton,-105,Core,10
28,3,F,Southampton,-105,Core,10
29,3,F,Southampton,-105,Core,10
30,3,F,Southampton,-105,Core,10
31,3,F,Southampton,-105,Core,10
32,3,F,Southampton,-105,Core,10
33,3,F,Southampton,-105,Core,10
34,3,F,Southampton,-105,Core,10
35,3,F,Southampton,-105,Core,10
36,3,F,Southampton,-105,Core,10
37,3,F,Southampton,-105,Core,10
38,3,F,Southampton,-105,Core,10
39,3,F,Southampton,-105,Core,10
40,3,F,Southampton,-105,Core,10
41,3,F,Southampton,-105,Core,10
42,3,F,Southampton,-105,Core,10
43,3,F,Southampton,-105,Core,10
44,3,F,Southampton,-105,Core,10
45,3,F,Southampton,-105,Core,10
46,3,F,Southampton,-105,Core,10
47,3,F,Southampton,-105,Core,10
48,3,F,Southampton,-105,Core,10
49,3,F,Southampton,-105,Core,10
50,3,F,Southampton,-105,Core,10
51,3,F,Southampton,-105,Core,10
52,3,F,Southampton,-105,Core,10
53,3,F,Southampton,-105,Core,10
54,3,F,Southampton,-105,Core,10
55,3,F,Southampton,-105,Core,10
56,3,F,Southampton,-105,Core,10
57,3,F,Southampton,-105,Core,10
58,3,F,Southampton,-105,Core,10
59,3,F,Southampton,-105,Core,10
60,3,F,Southampton,-105,Core,10
61,3,F,Southampton,-105,Core,10
62,3,F,Southampton,-105,Core,10
63,3,F,Southampton,-105,Core,10
64,3,F,Southampton,-105,Core,10
65,3,F,Southampton,-105,Core,10
66,3,F,Southampton,-105,Core,10
67,3,F,Southampton,-105,Core,10
68,3,F,Southampton,-105,Core,10
69,3,F,Southampton,-105,Core,10
70,3,F,Southampton,-105,Core,10
71,3,F,Southampton,-105,Core,10
72,3,F,Southampton,-105,Core,10
73,3,F,Southampton,-105,Core,10
74,3,F,Southampton,-105,Core,10
75,3,F,Southampton,-105,Core,10
76,3,F,Southampton,-105,Core,10
77,3,F,Southampton,-105,Core,10
78,3,F,Southampton,-105,Core,10
79,3,F,Southampton,-105,Core,10
80,3,F,Southampton,-105,Core,10
81,3,F,Southampton,-105,Core,10
82,3,F,Southampton,-105,Core,10
83,3,F,Southampton,-105,Core,10
84,3,F,Southampton,-105,Core,10
85,3,F,Southampton,-105,Core,10
86,3,F,Southampton,-105,Core,10
87,3,F,Southampton,-105,Core,10
88,3,F,Southampton,-105,Core,10
89,3,F,Southampton,-105,Core,10
90,3,F,Southampton,-105,Core,10
91,3,F,Southampton,-105,Core,10
92,3,F,Southampton,-105,Core,10
93,3,F,Southampton,-105,Core,10
94,3,F,Southampton,-105,Core,10
95,3,F,Southampton,-105,Core,10
96,3,F,Southampton,-105,Core,10
97,3,F,Southampton,-105,Core,10
98,3,F,Southampton,-105,Core,10
99,3,F,Southampton,-105,Core,10
100,3,F,Southampton,-105,Core,10
101,3,F,Southampton,-105,Core,10
102,3,F,Southampton,-105,Core,10
103,3,F,Southampton,-105,Core,10
104,3,F,Southampton,-105,Core,10
105,3,F,Southampton,-105,Core,10
106,3,F,Southampton,-105,Core,10
107,3,F,Southampton,-105,Core,10
108,3,F,Southampton,-105,Core,10
109,3,F,Southampton,-105,Core,10
110,3,F,Southampton,-105,Core,10
111,3,F,Southampton,-105,Core,10
112,3,F,Southampton,-105,Core,10
113,3,F,Southampton,-105,Core,10
114,3,F,Southampton,-105,Core,10
115,3,F,Southampton,-105,Core,10
116,3,F,Southampton,-105,Core,10
117,3,F,Southampton,-105,Core,10
118,3,F,Southampton,-105,Core,10
119,3,F,Southampton,-105,Core,10
120,3,F,Southampton,-105,Core,10
121,3,F,Southampton,-105,Core,10
122,3,F,Southampton,-105,Core,10
123,3,F,Southampton,-105,Core,10
124,3,F,Southampton,-105,Core,10
125,3,F,Southampton,-105,Core,10
126,3,F,Southampton,-105,Core,10
127,3,F,Southampton,-105,Core,10
128,3,F,Southampton,-105,Core,10
129,3,F,Southampton,-105,Core,10
130,3,F,Southampton,-105,Core,10
131,3,F,Southampton,-105,Core,10
132,3,F,Southampton,-105,Core,10
133,3,F,Southampton,-105,Core,10
134,3,F,Southampton,-105,Core,10
135,3,F,Southampton,-105,Core,10
136,3,F,Southampton,-105,Core,10
137,3,F,Southampton,-105,Core,10
138,3,F,Southampton,-105,Core,10
139,3,F,Southampton,-105,Core,10
140,3,F,Southampton,-105,Core,10
141,3,F,Southampton,-105,Core,10
142,3,F,Southampton,-105,Core,10
143,3,F,Southampton,-105,Core,10
144,3,F,Southampton,-105,Core,10
145,3,F,Southampton,-105,Core,10
146,3,F,Southampton,-105,Core,10
147,3,F,Southampton,-105,Core,10
148,3,F,Southampton,-105,Core,10
149,3,F,Southampton,-105,Core,10
150,3,F,Southampton,-105,Core,10
151,3,F,Southampton,-105,Core,10
152,3,F,Southampton,-105,Core,10
153,3,F,Southampton,-105,Core,10
154,3,F,Southampton,-105,Core,10
155,3,F,Southampton,-105,Core,10
156,3,F,New Forest,-112,Core,6
157,3,F,New Forest,-112,Core,6
158,3,F,New Forest,-112,Core,6
159,3,F,New Forest,-112,Core,6
160,3,F,New Forest,-112,Core,6
161,3,F,New Forest,-112,Core,6
162,3,F,New Forest,-112,Core,6
163,3,F,New Forest,-112,Core,6
164,3,F,New Forest,-112,Core,6
165,3,F,New Forest,-112,Core,6
166,3,F,New Forest,-112,Core,6
167,3,F,New Forest,-112,Core,6
168,3,F,New Forest,-112,Core,6
169,3,F,New Forest,-112,Core,6
170,3,F,New Forest,-112,Core,6
171,3,F,New Forest,-112,Core,6
172,3,F,New Forest,-112,Core,6
173,3,F,New Forest,-112,Core,6
174,3,F,New Forest,-112,Core,6
175,3,F,New Forest,-112,Core,6
176,3,F,New Forest,-112,Core,6
177,3,F,New Forest,-112,Core,6
178,3,F,New Forest,-112,Core,6
179,3,F,New Forest,-112,Core,6
180,3,F,New Forest,-112,Core,6
181,3,F,New Forest,-112,Core,6
182,3,F,New Forest,-112,Core,6
183,3,F,New Forest,-112,Core,6
184,3,F,New Forest,-112,Core,6
185,3,F,New Forest,-112,Core,6
186,3,F,New Forest,-112,Core,6
187,3,F,New Forest,-112,Core,6
188,3,F,New Forest,-112,Core,6
189,3,F,Eastleigh,-115,Core,2
190,3,F,Eastleigh,-115,Core,2
191,3,F,Eastleigh,-115,Core,2
192,3,F,Eastleigh,-115,Core,2
193,3,F,Eastleigh,-115,Core,2
194,3,F,Eastleigh,-115,Core,2
195,3,F,Eastleigh,-115,Core,2
196,3,F,Eastleigh,-115,Core,2
197,3,F,Eastleigh,-115,Core,2
198,3,F,Eastleigh,-115,Core,2
199,3,F,Eastleigh,-115,Core,2
200,3,F,Eastleigh,-115,Core,2
201,3,F,Eastleigh,-115,Core,2
202,3,F,Eastleigh,-115,Core,2
203,3,F,Eastleigh,-115,Core,2
204,3,F,Eastleigh,-115,Core,2
205,3,F,Eastleigh,-115,Core,2
206,3,F,Eastleigh,-115,Core,2
207,3,F,Eastleigh,-115,Core,2
208,3,F,Eastleigh,-115,Core,2
209,3,F,Eastleigh,-115,Core,2
210,3,F,Eastleigh,-115,Core,2
211,3,F,Eastleigh,-115,Core,2
212,3,F,Eastleigh,-115,Core,2
213,3,F,Eastleigh,-115,Core,2
214,3,F,Eastleigh,-115,Core,2
215,3,F,Eastleigh,-115,Core,2
216,3,F,Eastleigh,-115,Core,2
217,3,F,Eastleigh,-115,Core,2
218,3,F,Eastleigh,-115,Core,2
219,3,F,Eastleigh,-115,Core,2
220,3,F,Eastleigh,-115,Core,2
221,3,F,Eastleigh,-115,Core,2
222,3,F,Eastleigh,-115,Core,2
223,3,F,Eastleigh,-115,Core,2
224,3,F,Eastleigh,-115,Core,2
225,3,F,Eastleigh,-115,Core,2
226,3,F,Eastleigh,-115,Core,2
227,3,F,Eastleigh,-115,Core,2
228,3,F,Eastleigh,-115,Core,2
229,3,F,Eastleigh,-115,Core,2
230,3,F,Eastleigh,-115,Core,2
231,3,F,Eastleigh,-115,Core,2
232,3,F,Eastleigh,-115,Core,2
233,3,F,Eastleigh,-115,Core,2
234,3,F,Eastleigh,-115,Core,2
235,3,F,Eastleigh,-115,Core,2
236,3,F,Eastleigh,-115,Core,2
237,3,F,Eastleigh,-115,Core,2
238,3,F,Eastleigh,-115,Core,2
239,3,F,Eastleigh,-115,Core,2
240,3,F,Eastleigh,-115,Core,2
241,3,F,Eastleigh,-115,Core,2
242,3,F,Eastleigh,-115,Core,2
243,3,F,Eastleigh,-115,Core,2
244,3,F,Eastleigh,-115,Core,2
245,3,F,Eastleigh,-115,Core,2
246,3,F,Eastleigh,-115,Core,2
247,3,F,Eastleigh,-115,Core,2
248,3,F,Eastleigh,-115,Core,2
249,3,F,Eastleigh,-115,Core,2
250,3,F,Eastleigh,-115,Core,2
251,3,F,Eastleigh,-115,Core,2
252,3,F,Eastleigh,-115,Core,2
253,3,F,Eastleigh,-115,Core,2
254,3,F,Eastleigh,-115,Core,2
255,3,F,Eastleigh,-115,Core,2
256,3,F,Eastleigh,-115,Core,2
257,3,F,Eastleigh,-115,Core,2
258,3,F,Eastleigh,-115,Core,2
259,3,F,Test Valley,-113,Core,7
260,3,F,Test Valley,-113,Core,7
261,3,F,Test Valley,-113,Core,7
262,3,F,Test Valley,-113,Core,7
263,3,F,Test Valley,-113,Core,7
264,3,F,Test Valley,-113,Core,7
265,3,F,Test Valley,-113,Core,7
266,3,F,Test Valley,-113,Core,7
267,3,F,Test Valley,-113,Core,7
268,3,F,Test Valley,-113,Core,7
269,3,F,Test Valley,-113,Core,7
270,3,F,Test Valley,-113,Core,7
271,3,F,Test Valley,-113,Core,7
272,3,F,Test Valley,-113,Core,7
273,3,F,Test Valley,-113,Core,7
274,3,F,Test Valley,-113,Core,7
275,3,F,Test Valley,-113,Core,7
276,3,F,Test Valley,-113,Core,7
277,3,F,Test Valley,-113,Core,7
278,3,F,Test Valley,-113,Core,7
279,3,F,Test Valley,-113,Core,7
280,3,F,Test Valley,-113,Core,7
281,3,F,Test Valley,-113,Core,7
282,3,F,Test Valley,-113,Core,7
283,3,F,Test Valley,-113,Core,7
284,3,F,Test Valley,-113,Core,7
285,3,F,Test Valley,-113,Core,7
286,2,F,Fareham,-110,Core,3
287,2,F,Fareham,-110,Core,3
288,2,F,Fareham,-110,Core,3
289,2,F,Fareham,-110,Core,3
290,2,F,Fareham,-110,Core,3
291,2,F,Fareham,-110,Core,3
292,2,F,Fareham,-110,Core,3
293,2,F,Fareham,-110,Core,3
294,2,F,Fareham,-110,Core,3
295,2,F,Fareham,-110,Core,3
296,2,F,Fareham,-110,Core,3
297,2,F,Fareham,-110,Core,3
298,2,F,Fareham,-110,Core,3
299,2,F,Fareham,-110,Core,3
300,2,F,Fareham,-110,Core,3
301,2,F,Fareham,-110,Core,3
302,2,F,Fareham,-110,Core,3
303,2,F,Fareham,-110,Core,3
304,2,F,Fareham,-110,Core,3
305,2,F,Fareham,-110,Core,3
306,2,F,Fareham,-110,Core,3
307,2,F,Fareham,-110,Core,3
308,2,F,Fareham,-110,Core,3
309,2,F,Fareham,-110,Core,3
310,2,F,Fareham,-110,Core,3
311,2,F,Fareham,-110,Core,3
312,2,F,Fareham,-110,Core,3
313,2,F,Fareham,-110,Core,3
314,2,F,Fareham,-110,Core,3
315,2,F,Fareham,-110,Core,3
316,2,F,Fareham,-110,Core,3
317,2,F,Fareham,-110,Core,3
318,2,F,Fareham,-110,Core,3
319,2,F,Fareham,-110,Core,3
320,2,F,Fareham,-110,Core,3
321,2,F,Fareham,-110,Core,3
322,2,F,Fareham,-110,Core,3
323,2,F,Fareham,-110,Core,3
324,2,F,Fareham,-110,Core,3
325,2,F,Fareham,-110,Core,3
326,2,F,Fareham,-110,Core,3
327,2,F,Fareham,-110,Core,3
328,2,F,Fareham,-110,Core,3
329,2,F,Fareham,-110,Core,3
330,2,F,Fareham,-110,Core,3
331,2,F,Fareham,-110,Core,3
332,2,F,Fareham,-110,Core,3
333,2,F,Fareham,-110,Core,3
334,2,F,Fareham,-110,Core,3
335,2,F,Fareham,-110,Core,3
336,2,F,Fareham,-110,Core,3
337,2,F,Fareham,-110,Core,3
338,2,F,Fareham,-110,Core,3
339,2,F,Fareham,-110,Core,3
340,2,F,Fareham,-110,Core,3
341,2,F,Fareham,-110,Core,3
342,2,F,Fareham,-110,Core,3
343,2,F,Fareham,-110,Core,3
344,2,F,Fareham,-110,Core,3
345,2,F,Fareham,-110,Core,3
346,2,F,Fareham,-110,Core,3
347,2,F,Fareham,-110,Core,3
348,2,F,Fareham,-110,Core,3
349,2,F,Fareham,-110,Core,3
350,2,F,Fareham,-110,Core,3
351,2,F,Fareham,-110,Core,3
352,2,F,Fareham,-110,Core,3
353,2,F,Fareham,-110,Core,3
354,2,F,Fareham,-110,Core,3
355,2,F,Fareham,-110,Core,3
356,2,F,Fareham,-110,Core,3
357,2,F,Fareham,-110,Core,3
358,2,F,Fareham,-110,Core,3
359,2,F,Fareham,-110,Core,3
360,2,F,Fareham,-110,Core,3
361,2,F,Fareham,-110,Core,3
362,2,F,Fareham,-110,Core,3
363,2,F,Fareham,-110,Core,3
364,2,F,Fareham,-110,Core,3
365,2,F,Fareham,-110,Core,3
366,2,F,Fareham,-110,Core,3
367,3,F,Winchester,-114,Core,8
368,3,F,Winchester,-114,Core,8
369,2,F,Winchester,-114,Core,8
370,2,F,Winchester,-114,Core,8
371,2,F,Winchester,-114,Core,8
372,2,F,Winchester,-114,Core,8
373,2,F,Winchester,-114,Core,8
374,2,F,Winchester,-114,Core,8
375,2,F,Winchester,-114,Core,8
376,2,F,Winchester,-114,Core,8
377,2,F,Winchester,-114,Core,8
378,2,F,Winchester,-114,Core,8
379,2,F,Winchester,-114,Core,8
380,2,F,Winchester,-114,Core,8
381,2,F,Winchester,-114,Core,8
382,2,F,Winchester,-114,Core,8
383,2,F,Winchester,-114,Core,8
384,2,F,Winchester,-114,Core,8
385,2,F,Winchester,-114,Core,8
386,2,F,Winchester,-114,Core,8
387,2,F,Winchester,-114,Core,8
388,3,F,Winchester,-114,Core,8
389,3,F,Winchester,-114,Core,8
390,3,F,Winchester,-114,Core,8
391,3,F,Winchester,-114,Core,8
392,3,F,Winchester,-114,Core,8
393,3,F,Winchester,-114,Core,8
394,3,F,Winchester,-114,Core,8
395,3,F,Winchester,-114,Core,8
396,3,F,Winchester,-114,Core,8
397,3,F,Winchester,-114,Core,8
398,3,F,Winchester,-114,Core,8
399,3,F,Winchester,-114,Core,8
400,3,F,Winchester,-114,Core,8
401,3,F,Winchester,-114,Core,8
402,3,F,Winchester,-114,Core,8
403,3,F,Winchester,-114,Core,8
404,3,F,Winchester,-114,Core,8
405,3,F,Winchester,-114,Core,8
406,3,F,Winchester,-114,Core,8
407,3,F,Winchester,-114,Core,8
408,3,F,Winchester,-114,Core,8
409,3,F,Winchester,-114,Core,8
410,3,F,Winchester,-114,Core,8
411,3,F,Winchester,-114,Core,8
412,3,F,Winchester,-114,Core,8
413,3,F,Winchester,-114,Core,8
414,3,F,Winchester,-114,Core,8
415,3,F,Winchester,-114,Core,8
416,3,F,Winchester,-114,Core,8
417,3,F,Winchester,-114,Core,8
418,3,F,Winchester,-114,Core,8
419,3,F,Winchester,-114,Core,8
420,3,F,Winchester,-114,Core,8
421,3,F,Winchester,-114,Core,8
422,2,F,Winchester,-114,Core,8
423,3,F,Winchester,-114,Core,8
424,3,F,Winchester,-114,Core,8
425,3,F,Winchester,-114,Core,8
426,3,F,Winchester,-114,Core,8
427,3,F,Winchester,-114,Core,8
428,3,F,Winchester,-114,Core,8
429,3,F,Winchester,-114,Core,8
430,3,F,Winchester,-114,Core,8
431,3,F,Winchester,-114,Core,8
432,3,F,Winchester,-114,Core,8
433,3,F,Winchester,-114,Core,8
434,3,F,Winchester,-114,Core,8
435,3,F,Winchester,-114,Core,8
436,3,F,Winchester,-114,Core,8
437,2,F,Gosport,-111,Core,4
438,2,F,Gosport,-111,Core,4
439,2,F,Gosport,-111,Core,4
440,2,F,Gosport,-111,Core,4
441,2,F,Gosport,-111,Core,4
442,2,F,Gosport,-111,Core,4
443,2,F,Gosport,-111,Core,4
444,2,F,Gosport,-111,Core,4
445,2,F,Gosport,-111,Core,4
446,2,F,Gosport,-111,Core,4
447,2,F,Gosport,-111,Core,4
448,2,F,Gosport,-111,Core,4
449,2,F,Gosport,-111,Core,4
450,2,F,Gosport,-111,Core,4
451,2,F,Gosport,-111,Core,4
452,2,F,Gosport,-111,Core,4
453,2,F,Gosport,-111,Core,4
454,2,F,Gosport,-111,Core,4
455,2,F,Gosport,-111,Core,4
456,2,F,Gosport,-111,Core,4
457,2,F,Gosport,-111,Core,4
458,2,F,Gosport,-111,Core,4
459,2,F,Gosport,-111,Core,4
460,2,F,Gosport,-111,Core,4
461,2,F,Gosport,-111,Core,4
462,2,F,Gosport,-111,Core,4
463,2,F,Gosport,-111,Core,4
464,2,F,Gosport,-111,Core,4
465,2,F,Gosport,-111,Core,4
466,2,F,Gosport,-111,Core,4
467,2,F,Gosport,-111,Core,4
468,2,F,Gosport,-111,Core,4
469,2,F,Gosport,-111,Core,4
470,2,F,Gosport,-111,Core,4
471,2,F,Gosport,-111,Core,4
472,2,F,Gosport,-111,Core,4
473,2,F,Gosport,-111,Core,4
474,2,F,Gosport,-111,Core,4
475,2,F,Gosport,-111,Core,4
476,2,F,Gosport,-111,Core,4
477,2,F,Gosport,-111,Core,4
478,2,F,Gosport,-111,Core,4
479,2,F,Gosport,-111,Core,4
480,2,F,Gosport,-111,Core,4
481,2,F,Gosport,-111,Core,4
482,2,F,Gosport,-111,Core,4
483,2,F,Gosport,-111,Core,4
484,2,F,Gosport,-111,Core,4
485,2,F,Gosport,-111,Core,4
486,2,F,Gosport,-111,Core,4
487,2,F,Portsmouth,-106,Core,9
488,2,F,Portsmouth,-106,Core,9
489,2,F,Portsmouth,-106,Core,9
490,2,F,Portsmouth,-106,Core,9
491,2,F,Portsmouth,-106,Core,9
492,2,F,Portsmouth,-106,Core,9
493,2,F,Portsmouth,-106,Core,9
494,2,F,Portsmouth,-106,Core,9
495,2,F,Portsmouth,-106,Core,9
496,2,F,Portsmouth,-106,Core,9
497,2,F,Portsmouth,-106,Core,9
498,2,F,Portsmouth,-106,Core,9
499,2,F,Portsmouth,-106,Core,9
500,2,F,Portsmouth,-106,Core,9
501,2,F,Portsmouth,-106,Core,9
502,2,F,Portsmouth,-106,Core,9
503,2,F,Portsmouth,-106,Core,9
504,2,F,Portsmouth,-106,Core,9
505,2,F,Portsmouth,-106,Core,9
506,2,F,Portsmouth,-106,Core,9
507,2,F,Portsmouth,-106,Core,9
508,2,F,Portsmouth,-106,Core,9
509,2,F,Portsmouth,-106,Core,9
510,2,F,Portsmouth,-106,Core,9
511,2,F,Portsmouth,-106,Core,9
512,2,F,Portsmouth,-106,Core,9
513,2,F,Portsmouth,-106,Core,9
514,2,F,Portsmouth,-106,Core,9
515,2,F,Portsmouth,-106,Core,9
516,2,F,Portsmouth,-106,Core,9
517,2,F,Portsmouth,-106,Core,9
518,2,F,Portsmouth,-106,Core,9
519,2,F,Portsmouth,-106,Core,9
520,2,F,Portsmouth,-106,Core,9
521,2,F,Portsmouth,-106,Core,9
522,2,F,Portsmouth,-106,Core,9
523,2,F,Portsmouth,-106,Core,9
524,2,F,Portsmouth,-106,Core,9
525,2,F,Portsmouth,-106,Core,9
526,2,F,Portsmouth,-106,Core,9
527,2,F,Portsmouth,-106,Core,9
528,2,F,Portsmouth,-106,Core,9
529,2,F,Portsmouth,-106,Core,9
530,2,F,Portsmouth,-106,Core,9
531,2,F,Portsmouth,-106,Core,9
532,2,F,Portsmouth,-106,Core,9
533,2,F,Portsmouth,-106,Core,9
534,2,F,Portsmouth,-106,Core,9
535,2,F,Portsmouth,-106,Core,9
536,2,F,Portsmouth,-106,Core,9
537,2,F,Portsmouth,-106,Core,9
538,2,F,Portsmouth,-106,Core,9
539,2,F,Portsmouth,-106,Core,9
540,2,F,Portsmouth,-106,Core,9
541,2,F,Portsmouth,-106,Core,9
542,2,F,Portsmouth,-106,Core,9
543,2,F,Portsmouth,-106,Core,9
544,2,F,Portsmouth,-106,Core,9
545,2,F,Portsmouth,-106,Core,9
546,2,F,Portsmouth,-106,Core,9
547,2,F,Portsmouth,-106,Core,9
548,2,F,Portsmouth,-106,Core,9
549,2,F,Portsmouth,-106,Core,9
550,2,F,Portsmouth,-106,Core,9
551,2,F,Portsmouth,-106,Core,9
552,2,F,Portsmouth,-106,Core,9
553,2,F,Portsmouth,-106,Core,9
554,2,F,Portsmouth,-106,Core,9
555,2,F,Portsmouth,-106,Core,9
556,2,F,Portsmouth,-106,Core,9
557,2,F,Portsmouth,-106,Core,9
558,2,F,Portsmouth,-106,Core,9
559,2,F,Portsmouth,-106,Core,9
560,2,F,Portsmouth,-106,Core,9
561,2,F,Portsmouth,-106,Core,9
562,2,F,Portsmouth,-106,Core,9
563,2,F,Portsmouth,-106,Core,9
564,2,F,Portsmouth,-106,Core,9
565,2,F,Portsmouth,-106,Core,9
566,2,F,Portsmouth,-106,Core,9
567,2,F,Portsmouth,-106,Core,9
568,2,F,Portsmouth,-106,Core,9
569,2,F,Portsmouth,-106,Core,9
570,2,F,Portsmouth,-106,Core,9
571,2,F,Portsmouth,-106,Core,9
572,2,F,Portsmouth,-106,Core,9
573,2,F,Portsmouth,-106,Core,9
574,2,F,Portsmouth,-106,Core,9
575,2,F,Portsmouth,-106,Core,9
576,2,F,Portsmouth,-106,Core,9
577,2,F,Portsmouth,-106,Core,9
578,2,F,Portsmouth,-106,Core,9
579,2,F,Portsmouth,-106,Core,9
580,2,F,Portsmouth,-106,Core,9
581,2,F,Portsmouth,-106,Core,9
582,2,F,Portsmouth,-106,Core,9
583,2,F,Portsmouth,-106,Core,9
584,2,F,Portsmouth,-106,Core,9
585,2,F,Portsmouth,-106,Core,9
586,2,F,Portsmouth,-106,Core,9
587,2,F,Portsmouth,-106,Core,9
588,2,F,Portsmouth,-106,Core,9
589,2,F,Portsmouth,-106,Core,9
590,2,F,Portsmouth,-106,Core,9
591,2,F,Havant,-116,Core,5
592,2,F,Havant,-116,Core,5
593,2,F,Havant,-116,Core,5
594,2,F,Havant,-116,Core,5
595,2,F,Havant,-116,Core,5
596,2,F,Havant,-116,Core,5
597,2,F,Havant,-116,Core,5
598,2,F,Havant,-116,Core,5
599,2,F,Havant,-116,Core,5
600,2,F,Havant,-116,Core,5
601,2,F,Havant,-116,Core,5
602,2,F,Havant,-116,Core,5
603,2,F,Havant,-116,Core,5
604,2,F,Havant,-116,Core,5
605,2,F,Havant,-116,Core,5
606,2,F,Havant,-116,Core,5
607,2,F,Havant,-116,Core,5
608,2,F,Havant,-116,Core,5
609,2,F,Havant,-116,Core,5
610,2,F,Havant,-116,Core,5
611,2,F,Havant,-116,Core,5
612,7,F,Havant,-116,Core,5
613,7,F,Havant,-116,Core,5
614,7,F,Havant,-116,Core,5
615,7,F,Havant,-116,Core,5
616,2,F,Havant,-116,Core,5
617,2,F,Havant,-116,Core,5
618,2,F,Havant,-116,Core,5
619,2,F,Havant,-116,Core,5
620,2,F,Havant,-116,Core,5
621,2,F,Havant,-116,Core,5
622,2,F,Havant,-116,Core,5
623,2,F,Havant,-116,Core,5
624,2,F,Havant,-116,Core,5
625,2,F,Havant,-116,Core,5
626,2,F,Havant,-116,Core,5
627,2,F,Havant,-116,Core,5
628,2,F,Havant,-116,Core,5
629,2,F,Havant,-116,Core,5
630,2,F,Havant,-116,Core,5
631,2,F,Havant,-116,Core,5
632,2,F,Havant,-116,Core,5
633,2,F,Havant,-116,Core,5
634,2,F,Havant,-116,Core,5
635,2,F,Havant,-116,Core,5
636,2,F,Havant,-116,Core,5
637,2,F,Havant,-116,Core,5
638,2,F,Havant,-116,Core,5
639,2,F,Havant,-116,Core,5
640,2,F,Havant,-116,Core,5
641,2,F,Havant,-116,Core,5
642,2,F,Havant,-116,Core,5
643,2,F,Havant,-116,Core,5
644,2,F,Havant,-116,Core,5
645,2,F,Havant,-116,Core,5
646,2,F,Havant,-116,Core,5
647,2,F,East Hampshire,-108,Core,1
648,2,F,East Hampshire,-108,Core,1
649,2,F,East Hampshire,-108,Core,1
650,2,F,East Hampshire,-108,Core,1
651,2,F,East Hampshire,-108,Core,1
652,2,F,East Hampshire,-108,Core,1
653,2,F,East Hampshire,-108,Core,1
654,2,F,East Hampshire,-108,Core,1
655,2,F,East Hampshire,-108,Core,1
656,2,F,East Hampshire,-108,Core,1
657,2,F,East Hampshire,-108,Core,1
658,2,F,East Hampshire,-108,Core,1
659,2,F,East Hampshire,-108,Core,1
660,2,F,East Hampshire,-108,Core,1
661,2,F,East Hampshire,-108,Core,1
662,4,F,Isle of Wight,-119,Core,17
663,4,F,Isle of Wight,-119,Core,17
664,4,F,Isle of Wight,-119,Core,17
665,4,F,Isle of Wight,-119,Core,17
666,4,F,Isle of Wight,-119,Core,17
667,4,F,Isle of Wight,-119,Core,17
668,4,F,Isle of Wight,-119,Core,17
669,4,F,Isle of Wight,-119,Core,17
670,4,F,Isle of Wight,-119,Core,17
671,4,F,Isle of Wight,-119,Core,17
672,4,F,Isle of Wight,-119,Core,17
673,4,F,Isle of Wight,-119,Core,17
674,4,F,Isle of Wight,-119,Core,17
675,4,F,Isle of Wight,-119,Core,17
676,4,F,Isle of Wight,-119,Core,17
677,4,F,Isle of Wight,-119,Core,17
678,4,F,Isle of Wight,-119,Core,17
679,4,F,Isle of Wight,-119,Core,17
680,4,F,Isle of Wight,-119,Core,17
681,4,F,Isle of Wight,-119,Core,17
682,4,F,Isle of Wight,-119,Core,17
683,4,F,Isle of Wight,-119,Core,17
684,4,F,Isle of Wight,-119,Core,17
685,4,F,Isle of Wight,-119,Core,17
686,4,F,Isle of Wight,-119,Core,17
687,4,F,Isle of Wight,-119,Core,17
688,4,F,Isle of Wight,-119,Core,17
689,4,F,Isle of Wight,-119,Core,17
690,4,F,Isle of Wight,-119,Core,17
691,4,F,Isle of Wight,-119,Core,17
692,4,F,Isle of Wight,-119,Core,17
693,4,F,Isle of Wight,-119,Core,17
694,4,F,Isle of Wight,-119,Core,17
695,4,F,Isle of Wight,-119,Core,17
696,4,F,Isle of Wight,-119,Core,17
697,4,F,Isle of Wight,-119,Core,17
698,4,F,Isle of Wight,-119,Core,17
699,4,F,Isle of Wight,-119,Core,17
700,4,F,Isle of Wight,-119,Core,17
701,4,F,Isle of Wight,-119,Core,17
702,4,F,Isle of Wight,-119,Core,17
703,4,F,Isle of Wight,-119,Core,17
704,4,F,Isle of Wight,-119,Core,17
705,4,F,Isle of Wight,-119,Core,17
706,4,F,Isle of Wight,-119,Core,17
707,4,F,Isle of Wight,-119,Core,17
708,4,F,Isle of Wight,-119,Core,17
709,4,F,Isle of Wight,-119,Core,17
710,4,F,Isle of Wight,-119,Core,17
711,4,F,Isle of Wight,-119,Core,17
712,4,F,Isle of Wight,-119,Core,17
713,4,F,Isle of Wight,-119,Core,17
714,4,F,Isle of Wight,-119,Core,17
715,4,F,Isle of Wight,-119,Core,17
716,4,F,Isle of Wight,-119,Core,17
717,4,F,Isle of Wight,-119,Core,17
718,4,F,Isle of Wight,-119,Core,17
719,4,F,Isle of Wight,-119,Core,17
720,4,F,Isle of Wight,-119,Core,17
721,4,F,Isle of Wight,-119,Core,17
722,4,F,Isle of Wight,-119,Core,17
723,4,F,Isle of Wight,-119,Core,17
724,4,F,Isle of Wight,-119,Core,17
725,4,F,Isle of Wight,-119,Core,17
726,4,F,Isle of Wight,-119,Core,17
727,4,F,Isle of Wight,-119,Core,17
728,4,F,Isle of Wight,-119,Core,17
729,4,F,Isle of Wight,-119,Core,17
730,4,F,Isle of Wight,-119,Core,17
731,4,F,Isle of Wight,-119,Core,17
732,4,F,Isle of Wight,-119,Core,17
733,4,F,Isle of Wight,-119,Core,17
734,4,F,Isle of Wight,-119,Core,17
735,4,F,Isle of Wight,-119,Core,17
736,4,F,Isle of Wight,-119,Core,17
737,4,F,Isle of Wight,-119,Core,17
738,4,F,Isle of Wight,-119,Core,17
739,4,F,Isle of Wight,-119,Core,17
740,4,F,Isle of Wight,-119,Core,17
741,4,F,Isle of Wight,-119,Core,17
742,4,F,Isle of Wight,-119,Core,17
743,4,F,Isle of Wight,-119,Core,17
744,4,F,Isle of Wight,-119,Core,17
745,4,F,Isle of Wight,-119,Core,17
746,4,F,Isle of Wight,-119,Core,17
747,4,F,Isle of Wight,-119,Core,17
748,4,F,Isle of Wight,-119,Core,17
749,4,F,Isle of Wight,-119,Core,17
750,4,F,Isle of Wight,-119,Core,17
751,4,F,Isle of Wight,-119,Core,17
752,4,F,Isle of Wight,-119,Core,17
753,4,F,Isle of Wight,-119,Core,17
754,4,F,Isle of Wight,-119,Core,17
755,4,F,Isle of Wight,-119,Core,17
756,4,F,Isle of Wight,-119,Core,17
757,4,F,Isle of Wight,-119,Core,17
758,4,F,Isle of Wight,-119,Core,17
759,4,F,Isle of Wight,-119,Core,17
760,4,F,Isle of Wight,-119,Core,17
761,4,F,Isle of Wight,-119,Core,17
762,4,F,Isle of Wight,-119,Core,17
763,4,F,Isle of Wight,-119,Core,17
764,4,F,Isle of Wight,-119,Core,17
765,4,F,Isle of Wight,-119,Core,17
766,4,F,Isle of Wight,-119,Core,17
767,4,F,Isle of Wight,-119,Core,17
768,4,F,Isle of Wight,-119,Core,17
769,4,F,Isle of Wight,-119,Core,17
770,4,F,Isle of Wight,-119,Core,17
771,4,F,Isle of Wight,-119,Core,17
772,4,F,Isle of Wight,-119,Core,17
773,4,F,Isle of Wight,-119,Core,17
774,4,F,Isle of Wight,-119,Core,17
775,4,F,Isle of Wight,-119,Core,17
776,4,F,Isle of Wight,-119,Core,17
777,4,F,Isle of Wight,-119,Core,17
778,4,F,Isle of Wight,-119,Core,17
779,4,F,Isle of Wight,-119,Core,17
780,7,F,Arun,-107,Marginal,15
781,7,F,Arun,-107,Marginal,15
782,7,F,Arun,-107,Marginal,15
783,7,F,Chichester,-109,Marginal,16
784,7,F,Chichester,-109,Marginal,16
785,7,F,Chichester,-109,Marginal,16
786,7,F,Chichester,-109,Marginal,16
787,7,F,Chichester,-109,Marginal,16
788,7,F,Chichester,-109,Marginal,16
789,7,F,Chichester,-109,Marginal,16
790,7,F,Chichester,-109,Marginal,16
791,7,F,Chichester,-109,Marginal,16
792,7,F,Chichester,-109,Marginal,16
793,6,F,Chichester,-109,Marginal,16
794,6,F,Chichester,-109,Marginal,16
795,6,F,East Hampshire,-108,Marginal,11
796,6,F,East Hampshire,-108,Marginal,11
797,6,F,East Hampshire,-108,Marginal,11
798,6,F,East Hampshire,-108,Marginal,11
799,6,F,East Hampshire,-108,Marginal,11
800,6,F,East Hampshire,-108,Marginal,11
801,6,F,East Hampshire,-108,Marginal,11
802,2,F,Winchester,-114,Marginal,14
803,2,F,Winchester,-114,Marginal,14
804,3,F,Winchester,-114,Marginal,14
805,3,F,Winchester,-114,Marginal,14
806,3,F,Winchester,-114,Marginal,14
807,3,F,Test Valley,-113,Marginal,13
808,8,F,Test Valley,-113,Marginal,13
809,8,F,Test Valley,-113,Marginal,13
810,8,F,Test Valley,-113,Marginal,13
811,3,F,Test Valley,-113,Marginal,13
812,8,F,Test Valley,-113,Marginal,13
813,3,F,Test Valley,-113,Marginal,13
814,3,F,Test Valley,-113,Marginal,13
815,3,F,Test Valley,-113,Marginal,13
816,3,F,New Forest,-112,Marginal,12
817,3,F,New Forest,-112,Marginal,12
818,3,F,New Forest,-112,Marginal,12
819,3,F,New Forest,-112,Marginal,12
820,3,F,New Forest,-112,Marginal,12
821,1,F,New Forest,-112,Marginal,12
822,3,F,New Forest,-112,Marginal,12
823,1,F,New Forest,-112,Marginal,12
824,1,F,New Forest,-112,Marginal,12
825,1,F,New Forest,-112,Marginal,12
826,1,F,New Forest,-112,Marginal,12
827,1,F,New Forest,-112,Marginal,12
828,1,F,New Forest,-112,Marginal,12
829,14,B,Worthing,-117,Buffer,28
830,14,B,Arun,-107,Buffer,18
831,14,B,Arun,-107,Buffer,18
832,9,B,Chichester,-109,Buffer,19
833,9,B,Chichester,-109,Buffer,19
834,13,B,East Hampshire,-108,Buffer,20
835,13,B,East Hampshire,-108,Buffer,20
836,13,B,East Hampshire,-108,Buffer,20
837,13,B,Basingstoke and Dean,-133,Buffer,27
838,5,B,Basingstoke and Dean,-125,Buffer,27
839,5,B,Basingstoke and Dean,-125,Buffer,27
840,5,B,Basingstoke and Dean,-125,Buffer,27
841,5,B,Basingstoke and Dean,-125,Buffer,27
842,5,B,Basingstoke and Dean,-125,Buffer,27
843,12,B,Test Valley,-113,Buffer,22
844,12,B,Wiltshire,-132,Buffer,29
845,12,B,Wiltshire,-132,Buffer,29
846,12,B,Wiltshire,-132,Buffer,29
847,10,B,Wiltshire,-130,Buffer,29
848,11,B,New Forest,-112,Buffer,21
849,11,B,East Dorset,-131,Buffer,26
850,11,B,Poole,-131,Buffer,24
851,11,B,Bournemouth,-131,Buffer,23
852,11,B,Christchurch,-131,Buffer,25
853,11,B,Christchurch,-131,Buffer,25
854,11,B,New Forest,-112,Buffer,21
855,37,X,External_855,0,External,30
856,19,X,External_856,0,External,30
857,20,X,External_857,0,External,30
858,22,X,External_858,0,External,30
859,21,X,External_859,0,External,30
860,18,X,External_860,0,External,30
861,15,X,External_861,0,External,30
862,23,X,External_862,0,External,30
863,16,X,External_863,0,External,30
864,17,X,External_864,0,External,30
865,38,X,External_865,0,External,30
866,39,X,External_866,0,External,30
867,33,X,External_867,0,External,30
868,25,X,External_868,0,External,30
869,24,X,External_869,0,External,30
870,30,X,External_870,0,External,30
871,27,X,External_871,0,External,30
872,31,X,External_872,0,External,30
873,29,X,External_873,0,External,30
874,28,X,External_874,0,External,30
875,26,X,External_875,0,External,30
876,36,X,External_876,0,External,30
877,35,X,External_877,0,External,30
878,40,X,External_878,0,External,30
879,32,X,External_879,0,External,30
880,34,X,External_880,0,External,30
881,2,F,Havant,-116,Core,5
882,2,F,Havant,-116,Core,5
883,3,F,Eastleigh,-115,Core,2
884,3,F,Eastleigh,-115,Core,2
885,3,F,Eastleigh,-115,Core,2
886,3,F,Eastleigh,-115,Core,2
887,3,F,Eastleigh,-115,Core,2
888,3,F,Eastleigh,-115,Core,2
889,2,F,Fareham,-110,Core,3
890,2,F,Fareham,-110,Core,3
891,2,F,Fareham,-110,Core,3
892,2,F,Fareham,-110,Core,3
893,2,F,Fareham,-110,Core,3
894,2,F,Fareham,-110,Core,3
895,2,F,Fareham,-110,Core,3
896,2,F,Fareham,-110,Core,3
897,2,F,Winchester,-114,Core,8
898,2,F,Winchester,-114,Core,8
899,2,F,Winchester,-114,Core,8
900,2,F,Havant,-116,Core,5
901,2,F,Winchester,-114,Core,8
902,2,F,Winchester,-114,Core,8
903,2,F,Winchester,-114,Core,8
904,2,F,Fareham,-110,Core,3
905,2,F,Gosport,-111,Core,4
906,2,F,Fareham,-110,Core,3
907,2,F,Portsmouth,-106,Core,9
908,2,F,Portsmouth,-106,Core,9
909,3,F,Test Valley,-113,Core,7
910,3,F,Test Valley,-113,Core,7
911,3,F,Eastleigh,-115,Core,2
912,3,F,New Forest,-112,Core,6
913,3,F,New Forest,-112,Core,6
914,3,F,New Forest,-112,Core,6
915,3,F,New Forest,-112,Core,6
916,3,F,New Forest,-112,Core,6
917,3,F,New Forest,-112,Core,6
918,2,F,Fareham,-110,Core,3
919,2,F,Fareham,-110,Core,3
920,3,F,Eastleigh,-115,Core,2
921,3,F,Eastleigh,-115,Core,2
922,3,F,Eastleigh,-115,Core,2
923,3,F,Eastleigh,-115,Core,2
924,3,F,Eastleigh,-115,Core,2
925,3,F,Eastleigh,-115,Core,2
926,3,F,Eastleigh,-115,Core,2
927,3,F,Eastleigh,-115,Core,2
928,3,F,Eastleigh,-115,Core,2
929,3,F,Eastleigh,-115,Core,2
930,2,F,Portsmouth,-106,Core,9
931,2,F,Portsmouth,-106,Core,9
932,2,F,Portsmouth,-106,Core,9
933,2,F,New Forest,-110,Core,6
934,2,F,New Forest,-110,Core,6
935,2,F,Eastleigh,-114,Core,2
936,2,F,Fareham,-110,Core,3
937,2,F,Fareham,-110,Core,3
938,2,F,Fareham,-110,Core,3
939,2,F,Fareham,-106,Core,3
940,2,F,Winchester,-106,Core,8
941,2,F,Winchester,-106,Core,8
942,2,F,Winchester,-106,Core,8
943,2,F,Winchester,-106,Core,8
944,2,F,Portsmouth,-106,Core,9
945,2,F,Portsmouth,-106,Core,9
946,2,F,Portsmouth,-106,Core,9
947,3,F,New Forest,-112,Core,6
948,3,F,New Forest,-112,Core,6
949,3,F,New Forest,-112,Core,6
950,3,F,New Forest,-112,Core,6
951,2,F,Gosport,-111,Core,4
952,3,F,Eastleigh,-115,Core,2
953,3,F,Eastleigh,-115,Core,2
954,3,F,Eastleigh,-115,Core,2
955,3,F,Eastleigh,-115,Core,2
956,2,F,Fareham,-110,Core,3
957,2,F,Fareham,-110,Core,3
958,2,F,Fareham,-110,Core,3
959,3,F,Test Valley,-113,Core,7
960,3,F,Test Valley,-113,Core,7
961,2,F,Winchester,-114,Core,8
962,2,F,Winchester,-114,Core,8
963,2,F,Winchester,-114,Core,8
964,2,F,Winchester,-114,Core,8
965,2,F,East Hampshire,-108,Core,1
966,40,X,New Forest,0,Core,6
967,40,X,Winchester,0,Core,8
968,40,X,Winchester,0,Core,8
969,3,F,Test Valley,-113,Core,7
970,3,F,Test Valley,-113,Core,7
971,3,F,Test Valley,-113,Core,7
972,3,F,Test Valley,-113,Core,7
973,3,F,Test Valley,-113,Core,7
974,3,F,Winchester,-114,Core,8
975,3,F,Winchester,-114,Core,8
976,2,F,Havant,-116,Core,5
977,3,F,Winchester,-114,Core,8
978,40,X,#N/A,0,External,30
979,40,X,#N/A,0,External,30
980,40,X,#N/A,0,External,30
981,40,X,#N/A,0,External,30
982,40,X,#N/A,0,External,30
983,40,X,#N/A,0,External,30
984,40,X,#N/A,0,External,30
985,40,X,#N/A,0,External,30
986,40,X,#N/A,0,External,30
987,40,X,#N/A,0,External,30
988,40,X,#N/A,0,External,30
989,40,X,#N/A,0,External,30
990,40,X,#N/A,0,External,30
991,40,X,#N/A,0,External,30
992,40,X,#N/A,0,External,30
993,40,X,#N/A,0,External,30
994,40,X,#N/A,0,External,30
995,40,X,#N/A,0,External,30
996,40,X,#N/A,0,External,30
997,40,X,#N/A,0,External,30
998,40,X,#N/A,0,External,30
999,40,X,#N/A,0,External,30
