Actv,Classification1,Classification2,Classification3,Classification 4
1,SingleAdult,1-12,,
2,SingleAdult,1-12,,
3,SingleAdult,1-12,,
4,SingleAdult,1-12,,
5,SingleAdult,1-12,,
6,SingleAdult,1-12,,
7,SingleAdult,1-12,,
8,SingleAdult,1-12,,
9,SingleAdult,1-12,,
10,SingleAdult,1-12,,
11,SingleAdult,1-12,,
12,SingleAdult,1-12,,
13,MultiPerson,Children,ChS,
14,MultiPerson,Children,ChS,
15,MultiPerson,Children,ChS,
16,MultiPerson,Children,ChS,
17,MultiPerson,Multi,,MultiAdults
18,MultiPerson,Multi,,MultiAdults
19,MultiPerson,Multi,,MultiAdults
20,MultiPerson,Multi,,MultiAdults
21,MultiPerson,Multi,,MultiAdults
22,MultiPerson,Multi,,MultiAdults
23,MultiPerson,Multi,,MultiAdults
24,MultiPerson,Multi,,MultiAdults
25,MultiPerson,Children,,MultiAdults
26,MultiPerson,Children,,MultiAdults
27,MultiPerson,Children,,MultiAdults
28,MultiPerson,Children,,MultiAdults
29,MultiPerson,Multi,,MultiAdults
30,MultiPerson,Multi,,MultiAdults
31,MultiPerson,Multi,,MultiAdults
32,MultiPerson,Multi,,MultiAdults
33,MultiPerson,Multi,,MultiAdults
41,Emp,Emp,,
42,Emp,Emp,,
43,Emp,Emp,,
44,Emp,Emp,,
45,Emp,Emp,,
46,Emp,Emp,,
47,Emp,Emp,,
48,Emp,Emp,,
49,Emp,Emp,,
50,Emp,Emp,,
51,Emp,Emp,,
52,Emp,Emp,,
53,Emp,Emp,,
54,Emp,Emp,,
55,Emp,Emp,,
56,Emp,Emp,,
57,Emp,Emp,,
58,Emp,Emp,,
59,Emp,Emp,,
60,Emp,Emp,,
61,Emp,Emp,,
62,Emp,Emp,,
63,Emp,Emp,,
64,Emp,Emp,,
65,Emp,Emp,,
66,Emp,Emp,,
67,Emp,Emp,,
,,Emp,,
