District,Population,2019,2026,2031,2036,2046
10,under16,152.9922814080055,1424.9200370300023,2857.8383403700063,4327.756617489991,6628.641470299983
10,16-74,307.7865317581163,2475.891344219941,4936.775668110058,7841.635133940057,15603.274186839903
10,75+,15.598900403994776,46.99668950000341,125.99129846000505,318.9821781999999,1056.9439303100007
10,HHs,216.58895835001022,1706.9172819100204,3413.832708139962,5410.735366800014,10259.498150420055
10,jobs,801.5890884899418,819.9881339699205,3189.9541774299287,5906.91628785996,12808.820253619982
10,workers,468.581655011978,727.9623706900602,2765.876640950126,5737.742458740002,11993.45591332001
2,under16,116.33180023198656,967.8597342399989,1885.305422699992,2803.937592689992,4285.59679675999
2,16-74,228.92281788603577,1581.4695428399864,2984.7278239700245,4616.67668920006,8710.91367342003
2,75+,27.84723258000122,152.83875202000308,299.50056802999825,505.38932156999726,1236.3455630799945
2,HHs,168.90594865202002,1213.5153620100027,2339.4222063999696,3618.9831814500067,6618.096234089993
2,jobs,438.8981493240135,440.5791337799892,1730.1262250899745,3205.5315849899926,6950.888925719992
2,workers,299.5090603380231,766.4006916800136,2194.148423829989,3884.765237029991,7491.967296680043
9,under16,98.36798199599434,991.6701006300136,2065.3182195099944,3192.9445130200183,4940.378948580008
9,16-74,112.17487959595746,1381.6834111100761,2983.2246159198985,4996.582217249903,10660.876095109998
9,75+,5.400277536011345,-2.9872664800077473,49.003719289998116,201.9623231599944,860.7535884399913
9,HHs,105.56169197398413,1054.6599527500366,2253.275720969992,3703.8160776099976,7345.638095120012
9,jobs,770.6595463200065,784.6509378599294,3059.668907780084,5663.534204990021,12291.653501249908
9,workers,286.1297227378964,130.98274243997002,1579.5253200699226,3747.7992152299994,8367.331795790087
7,under16,38.68661470799543,309.3886033300005,604.434110879999,893.0318506799995,1355.614390509998
7,16-74,73.23612673200842,454.4513919599922,859.8723606299973,1340.7711820600016,2595.6420367699975
7,75+,10.405862568001794,53.58191395000085,103.16403421000268,183.53697937999914,478.13275735999923
7,HHs,55.961346420001064,377.97126451999793,730.1513476900036,1132.3612646599977,2096.079722359991
7,jobs,136.70167629600473,138.88079542999185,542.2847701099927,1002.9572694299932,2173.9298649399934
7,workers,96.98517353400894,188.540890150005,602.3025612299934,1128.5730558600044,2244.276908560001
8,under16,83.2115127239922,766.8188752400238,1491.5437813499957,2188.0442966200026,3272.979747810001
8,16-74,153.8250299099891,1373.9123686299718,2620.887841279953,3973.9589430000487,7262.111728489908
8,75+,22.617162029999236,146.91788509999424,301.8365785299902,528.8798563300006,1267.98765196999
8,HHs,113.77003431600315,983.0920671699932,1916.1882784299814,2937.185047250008,5302.993404239991
8,jobs,479.96771906393406,492.74358491001476,1915.6499802199833,3542.1340020400385,7690.266159269973
8,workers,216.96799680598633,629.8079069699743,1793.627061130006,3141.5217680299975,5946.244734869986
5,under16,70.79330506199403,747.928410720011,1503.8546569499995,2254.7806259199933,3443.6615801799962
5,16-74,99.59127258598164,1086.8995361499838,2187.7947453600354,3497.6671277100104,6891.3298376200255
5,75+,21.598201427996173,118.98968917000093,253.9776840300001,463.95767030999195,1260.8776096399997
5,HHs,92.99157139200543,894.9148385800363,1803.8262693999786,2858.721963880016,5410.46718937
5,jobs,329.9670531120064,334.9664873199872,1306.869426829995,2418.756970909977,5245.473287560017
5,workers,193.18117609200272,418.9645241499602,1471.8638364299914,2882.7140022299864,5821.422895409996
3,under16,61.8344593680049,679.3427730399999,1352.7051470200095,2015.0906684699949,3060.6764014100045
3,16-74,78.03218773796107,1033.3413098700257,2094.816367950014,3322.477971290049,6378.235477429975
3,75+,21.600074208005026,137.98828918001345,290.9977428500097,511.0388089699991,1272.2513778799912
3,HHs,79.84265223595139,856.3588179600192,1727.7552935300264,2715.2306098800036,5045.445061879967
3,jobs,359.7429007620158,364.352038439989,1426.3415092099458,2642.484626690006,5732.3872029499835
3,workers,165.67644979795296,386.03433024999686,1473.5034837800195,2807.252164040001,5487.765924429994
6,under16,34.288485623999804,367.1717026899987,733.3434068899987,1090.2282404899997,1644.5636167699995
6,16-74,29.916367841993633,461.60604233999766,977.0726755599972,1585.1211450699848,3178.1110484600067
6,75+,14.744242146002762,106.00806616000045,220.0161261200028,384.4585394299975,893.5070314399982
6,HHs,39.26061032400321,407.89294614999744,837.359626680005,1337.2606514500003,2561.2263476000007
6,jobs,198.02917291801714,204.45867032000388,784.9740680900068,1455.6450563100007,3156.7568918799952
6,workers,88.8933365940029,96.72122273999412,632.6222214599984,1298.2443918200006,2676.652524379999
4,under16,40.20042103799642,401.0039275300005,809.0079296700023,1218.0121325300024,1851.0201256000037
4,16-74,32.4012124079818,443.0139148400049,972.0246267999973,1641.0350675100053,3499.0655296299738
4,75+,7.800142518000939,43.000887450003574,100.0017453399978,212.00350167000033,631.0098271399966
4,HHs,43.20081209400814,425.00938085998496,887.0188170299953,1437.0295513999954,2803.0532562900044
4,jobs,188.41019645999404,189.01041575001,744.0406340499903,1377.075570150002,2988.1639709699957
4,workers,107.40181097400637,49.00610140001663,615.0168276399927,1397.02713691003,3007.052485499982
1,under16,17.21393117999969,137.45580266000024,266.0169686200006,393.6126896299993,605.3164196999992
1,16-74,33.82653768000273,211.66494905000036,394.6798176300017,607.3875051700034,1166.365242449996
1,75+,5.337914711999929,27.65479639000023,58.31062690999988,103.82958263999944,260.21605545000057
1,HHs,24.930853133999335,173.1453951500025,328.5017136200022,509.54803949000234,938.9938409200004
1,jobs,37.406867202000285,38.58594709999943,149.48347482000008,278.17387251999935,603.8652072200002
1,workers,46.883206986000005,94.07266188000358,280.0530421000003,483.07870118999745,987.7373290699961
17,under16,63.60000032399694,704.000003789999,1366.000007390012,1999.0000107500018,2928.0000154599984
17,16-74,76.80000039594597,1040.000005770009,2151.000011909986,3452.000019069994,6663.00003571999
17,75+,27.000000144002115,177.00000102999184,385.00000219000503,695.000003789999,1842.000009139978
17,HHs,88.8000004259884,903.0000044999906,1828.00000912002,2878.0000143700454,5435.00002722998
17,jobs,400.2000023699802,411.0000024799956,1597.0000095300202,2954.0000176400354,6404.000038229977
17,workers,194.40000094199058,352.0000017199418,1417.0000071100148,2822.0000144099977,5600.000028200011
15,under16,54.89791697999681,568.9092273899987,1101.1051616299992,1605.2311530299994,2404.133422250001
15,16-74,91.11190685399197,1063.8253962699964,2077.0074353200107,3192.686002919989,5833.959283849996
15,75+,19.84196528999746,174.92312046999723,350.2028836999998,582.5525890800018,1342.7415819799935
15,HHs,79.32589330199698,824.9722173699993,1623.2311419400066,2502.6299483299954,4547.490552849995
15,jobs,193.4476525439968,195.77632243999687,767.1052893899978,1420.2874466400026,3080.1344590099907
15,workers,229.96369758599758,532.7693184000018,1399.2380661399948,2514.4900302899914,4685.847141350001
16,under16,64.88136972599932,591.678111969999,1147.9776873000028,1690.4844151199977,2524.433801589992
16,16-74,121.73561739000434,1026.4635215399903,1961.9628225799825,2998.8049129599967,5571.031606600009
16,75+,23.027123880005092,151.7213099699984,313.23546910000005,550.2995457899997,1376.8345617499945
16,HHs,99.18420372599212,817.5350495899984,1591.6915630100048,2459.60516413,4519.8392306099995
16,jobs,384.3254501640113,388.64974694000557,1524.5989796600043,2818.8909742999967,6120.188761939993
16,workers,272.7254691420021,399.44271211999876,1279.6990425499898,2373.091035960002,4514.360949609996
11,under16,26.665101546000187,221.40394927000034,429.39221025999814,633.7830856100009,948.8890163799988
11,16-74,52.605494940002245,326.8850119400049,611.9386512199999,945.4341239599962,1795.2054873199995
11,75+,7.807844441999805,42.844453149999936,85.28629120000096,154.949045559998,405.95037240000147
11,HHs,40.71451336800055,269.43009658999654,516.6392768599999,799.082447929999,1472.060304009996
11,jobs,103.26275719200203,104.66275669999959,411.44318219999695,759.6523726299965,1648.5779621699985
11,workers,100.76941732799969,98.71506754999973,392.7817763599978,739.1347812799995,1437.2434051300006
14,under16,12.951955973999702,119.52513934999979,231.05586589999984,338.78771075999975,509.8770953500002
14,16-74,19.90726597199682,183.08379530000093,357.77093672999763,551.648025460001,1024.7429868199997
14,75+,2.637990150000178,21.385475980000137,43.77095143000042,76.1508420400005,187.48045458999968
14,HHs,17.26927510799851,146.50837681999928,285.8212202699988,439.5251271099987,790.7038957299992
14,jobs,56.73518626799887,56.57541087000027,221.5027593800005,409.02228560000185,889.4132745700026
14,workers,30.70056618000126,88.94412339999872,276.8212053399993,489.6759330300001,916.6032942099991
13,under16,23.56256097000096,196.14629434000017,386.0962981600005,569.5689529700003,868.5032071100004
13,16-74,44.13802277399736,274.24898090999704,523.2948551200025,823.9187666500002,1601.2375558000022
13,75+,6.148479000000407,34.29243381999959,67.53368481999996,118.06283162,294.6652971200001
13,HHs,34.30385818200011,230.0566451199993,444.388467519997,691.4626871799974,1281.502820730002
13,jobs,96.44439147600133,97.78196519000267,378.5983956300006,701.6939621300044,1518.8624786699984
13,workers,79.4699301239998,98.33532223999828,366.02889919000154,686.2569729299994,1339.3017442900018
12,under16,28.111514916001397,320.8282785600022,642.6565516500013,957.7716967600009,1484.4362838700017
12,16-74,28.283640401998127,419.3939592999959,882.9273097199912,1443.878814340016,2974.888827880015
12,75+,16.45575558600285,89.99191369999971,185.98383388001093,356.54139243999816,949.4928207000012
12,HHs,43.53939161400194,444.10704411000916,906.6403420999995,1448.7392893900033,2772.773512190004
12,jobs,230.37078890400153,237.54128984000272,916.0257774999991,1700.3546576900044,3685.2424887600064
12,workers,91.70666608799365,134.27879698999823,651.3777573800035,1306.7555334699973,2709.3473044900093
28,under16,64.79994038399673,564.9994961400007,1105.999015540001,1643.9985388099958,2493.9978281699987
28,16-74,83.99993097601691,581.999591070009,1242.9991015600099,2132.998412279994,4605.996488680015
28,75+,14.999988564000887,46.999956019999445,110.99990894999974,248.99980015000256,849.9993610900019
28,HHs,80.99993766599073,562.9996048600005,1152.9991883100083,1883.9986589300024,3759.9972768699954
28,jobs,357.59971783198125,363.99972010000056,1414.9989088000002,2620.9979756899993,5689.995606350014
28,workers,279.59976091200224,36.000058120000176,808.9994281799954,1868.9986058499999,4004.9969173899954
18,under16,45.30207609600075,475.0906715299989,919.8946430099986,1339.7685732299979,2002.8661748600007
18,16-74,72.08808335999493,859.1743020200083,1694.9919775300077,2622.3131337399973,4791.039315760012
18,75+,18.558028145998833,140.07681372999832,285.79698482000276,479.447207549998,1119.2580252799999
18,HHs,65.87409285599279,694.0275518499984,1366.7684169700005,2109.3693933500035,3828.5083411400046
18,jobs,159.95235374999538,163.22368498999276,638.8947315699988,1183.7125886999966,2566.865625680006
18,workers,187.03627732800305,460.2304409399985,1157.7615224699948,2070.5093120100028,3849.1517686000007
19,under16,16.71864715800075,157.32205302999955,306.02263676999974,450.51605998000014,668.56693928
19,16-74,27.064412411995363,225.5367716599976,447.0377492200023,699.1959817699972,1306.9701030799988
19,75+,5.772882191999997,40.27871588000016,80.76458881999997,138.70055948000027,332.1657336199996
19,HHs,23.215824359998805,191.46520023999983,372.3089323099939,574.3956054000009,1057.1621808099953
19,jobs,57.87460122599987,60.35030336999989,229.40122530999906,424.10940419000144,920.8120579300012
19,workers,65.07458892000068,84.55745188999754,304.30136256999685,564.909690550001,1068.6404817500006
20,under16,56.13512288399943,440.59827038000003,860.6121085899977,1267.2231769999999,1903.1205352800025
20,16-74,108.79475867399015,676.1179557000069,1264.0672047900007,1947.5750737600029,3670.812172500002
20,75+,17.39222200200129,99.15592325000034,191.7144648600006,335.05231279000145,807.0529336299987
20,HHs,79.28575153199927,529.5723800700034,1017.365652339995,1572.9251962199924,2903.9536658199977
20,jobs,202.13809423800558,203.33808762000263,792.5601597799978,1473.35384453999,3194.4355129299947
20,workers,209.4314113080036,218.285811380003,811.2217826600026,1521.872415039994,2898.770058809998
27,under16,146.3999523780003,1213.9996218099986,2312.9992988300073,3383.9989624600094,5150.998363139992
27,16-74,251.99991375597892,1858.9994086599909,3590.998878030019,5605.998272799989,10580.996717630012
27,75+,28.799994167995465,163.99999204000414,330.9999613600012,571.9999153200006,1396.9997249400003
27,HHs,195.59992454998428,1456.9995002199867,2819.9990376299975,4357.998531550009,7936.997383080015
27,jobs,595.7999990400131,608.0000089499954,2369.000001840017,4388.000000950007,9519.00000164
27,workers,556.7998329840048,563.9996964500024,2370.999156250007,4471.998361760008,8573.996879309969
22,under16,44.55135609000172,366.46969662000083,715.4787025200021,1056.412742739998,1588.9024498399976
22,16-74,88.4270166599963,553.3087470500104,1049.849685699999,1643.3357254299844,3114.166926170001
22,75+,11.645697173998997,69.12610140000015,133.30339530999936,227.40207049000128,555.2063251099989
22,HHs,63.935619185995165,429.97788819999914,827.4713287800005,1289.1932514199943,2386.4487232600004
22,jobs,176.05674870600342,178.34010125000714,693.1282524200069,1281.3698142700086,2782.253425160001
22,workers,159.54619465799624,173.12967922998723,686.6797916199976,1295.189646409999,2464.457926679999
29,under16,87.59996536799736,806.9997039200025,1565.99942036,2299.999155409998,3475.998774030002
29,16-74,143.39994997200847,1195.9996847800066,2336.9994335899974,3674.999116400024,7108.998161529991
29,75+,24.599991702001716,114.00000773000284,244.00000344,451.9999835000017,1233.9998445599995
29,HHs,125.99995575000503,1023.9997086700096,2010.9994437400019,3125.999157979997,5743.998484289994
29,jobs,433.1998323660082,439.9998468799895,1728.9993691800046,3198.99881818,6947.997418610001
29,workers,379.1998425359998,310.00001969998993,1401.9997904299962,2929.999214399999,5603.998524559982
21,under16,14.399480208000568,160.99415387000045,322.98825702999966,477.9826088200016,721.9737017200014
21,16-74,10.79963635200329,178.9938065799979,385.98660732999997,631.9779639499939,1294.9544459099998
21,75+,5.9998025699997015,42.99847258999944,89.9968700699992,159.99435601000096,391.9858738699995
21,HHs,17.399412851997113,182.99345815999732,373.98669905000133,595.9787400399982,1137.959396190001
21,jobs,106.79676553799436,107.99676852999983,422.9871463499949,782.9762062899972,1700.9482608399958
21,workers,38.998591505996956,33.99893219000114,255.99095726000087,564.9787291699977,1162.9571218900037
26,under16,43.80080854199696,470.00838280000426,927.0165606900027,1360.0244149399987,2028.037180100002
26,16-74,49.20064266600821,658.0100896000004,1363.0207800199933,2190.0333805699993,4282.06816973001
26,75+,19.200170880003498,133.00143348000347,276.0030691500069,491.0056659000038,1220.0149611800007
26,HHs,62.400877931992,635.0096607200176,1282.019351439987,2013.030553670018,3759.056933809996
26,jobs,232.803665352003,239.00372738001897,927.0145517999918,1718.0270397000277,3728.0587510199985
26,workers,199.80224855402048,152.00268073999177,863.0148062399821,1809.027663689987,3497.058540380007
24,under16,89.39980918198853,955.9984397799963,1853.99690568,2702.995455119999,4079.992878149995
24,16-74,121.19992624197039,1607.9978907200566,3243.9964176799695,5085.9947834600025,9528.989385209992
24,75+,22.80003396599568,168.999938009998,370.9998627100031,654.9998422800018,1618.9994331099988
24,HHs,120.59989961402607,1319.998384719962,2633.9969261299993,4087.9953547299956,7427.992220670014
24,jobs,532.7997976560291,548.9997111099947,2137.999217500008,3962.9984195599973,8594.996602399988
24,workers,425.99966620799387,555.9988880999881,2023.9958151499595,3829.9977244600013,7418.992926900013
23,under16,112.19985984600498,1101.998595249992,2088.997426170001,3027.9962975399976,4534.994450679995
23,16-74,187.19975998802693,1956.9977897000208,3981.9952290999936,6282.9922378100455,12003.984763489978
23,75+,20.39998284599278,103.00009400000272,256.00007859000834,514.9999232799964,1419.9992571999937
23,HHs,163.7997641940019,1529.9980877400085,3055.9961919100024,4759.994049380039,8735.989016739957
23,jobs,560.399688414007,577.9997067899822,2250.9987653999706,4168.997728969989,9045.995076890002
23,workers,589.7993358119857,481.99944439000683,1872.9977663600148,4415.994657200004,8791.98880952
25,under16,27.000016122001398,286.00014187000215,540.0002771300005,783.0003990800005,1152.0005811400006
25,16-74,43.20000673199684,535.0000262900066,1064.0001402200069,1642.0003113700004,3004.0007576999997
25,75+,12.59999562000121,90.99995895999928,186.99992654999915,323.9998954800012,768.9998109800017
25,HHs,43.20000975000221,448.0000509299971,881.0001195600016,1359.0001984900045,2457.000408840002
25,jobs,139.80000909600494,142.0000119200049,558.000036049998,1034.0000695299968,2244.0001479899984
25,workers,129.0000516420041,188.9999717699975,606.0001043099946,1238.0002532100007,2332.0006434899988
30,under16,0.0,0.0,0.0,0.0,0.0
30,16-74,0.0,0.0,0.0,0.0,0.0
30,75+,0.0,0.0,0.0,0.0,0.0
30,HHs,0.0,0.0,0.0,0.0,0.0
30,jobs,0.0,0.0,0.0,0.0,0.0
30,workers,0.0,0.0,0.0,0.0,0.0
