District,CarOwnership,2019,2026,2031,2036,2046
10,no_car,-522.5685108179823,16.001517470009276,88.99782837999737,78.9996736299945,322.9906242900215
10,1_car,120.58503652201762,751.9562422900126,1498.9158320700008,2327.8681592400244,4189.7657020200495
10,2_cars,431.37918447600896,720.9670605000028,1408.9359510100076,2284.893735759979,4305.796413600019
10,3+_cars,191.39427688799788,211.99408410999968,421.98493366000366,729.9735721500019,1433.9455249600087
2,no_car,-105.16577728800075,35.8069103200005,84.82687676000023,122.62318977000086,261.6709943900023
2,1_car,-45.72317254799782,423.9558246699926,805.7105612400155,1215.2924133300148,2170.8788785699944
2,2_cars,209.9330663879955,585.2386345800187,1104.4420788599891,1711.8684326400034,3070.953966479985
2,3+_cars,112.37622875399393,167.52086030999726,343.24580296000295,570.1962617600038,1123.7814302800052
9,no_car,-521.2496567940034,-81.92336180998973,-50.9127138799995,-73.87948598999719,163.120752730003
9,1_car,119.41810037400865,487.8713186699897,1012.7313794599904,1630.5907560699998,3042.2237552400256
9,2_cars,359.8705560540002,508.7866388799994,1008.5946313300119,1659.3487293599974,3172.792530599996
9,3+_cars,148.14235047599777,140.92543360000127,280.8621939499981,486.75585111000146,962.4899588800026
7,no_car,-26.939028588000383,13.895292410000366,27.238687440000376,37.581724750000376,84.26831753999977
7,1_car,-19.40505676199882,122.16626956000073,235.88444649999838,354.0503393700001,646.964445409998
7,2_cars,61.88175628799854,186.74647076999554,350.14971009000146,535.4492290899998,956.4963444199984
7,3+_cars,40.09221448200151,61.16314753000006,119.32619640999837,204.7276512100002,408.350510440001
8,no_car,-101.15156656799991,45.82369135999943,88.67959368000174,114.50731945000098,229.49008686999605
8,1_car,-28.748399945994606,336.8730333000058,648.8781580499963,982.4084305699871,1738.7524303199934
8,2_cars,144.35806455000056,431.81820679999146,821.4782750799968,1257.273287360007,2197.7679173399956
8,3+_cars,99.09122826600469,169.57089509999605,353.1483503199988,588.9918177199925,1138.1812121499943
5,no_car,-194.97839254799328,-4.998740780007211,12.000662690001263,7.00124565999613,107.98993113000142
5,1_car,-10.7983359300124,351.9651498999883,688.9326015400002,1066.8961774999989,1943.8079879699944
5,2_cars,196.17899719200796,425.9581664699981,831.9170551000007,1321.866969339997,2445.749066209999
5,3+_cars,104.3894515380025,128.98911124000279,267.97634537999875,461.95835720000196,914.9199600800011
3,no_car,-109.95199314000001,11.923849839995455,38.913404199998695,65.88068525999915,175.88156919999892
3,1_car,-70.21680813000421,279.13733421999495,558.2855888800004,855.4323375199965,1574.814022769995
3,2_cars,160.33382806800364,437.21985666999535,844.4179544300096,1314.67035036999,2371.243291390001
3,3+_cars,97.8580954079971,130.07603844999994,282.1391370699939,476.2473975299981,927.5170396299991
6,no_car,-66.94422058800137,-5.713120359999721,2.5737523399989186,3.1475047999997514,52.58185975999959
6,1_car,-52.63271536800312,127.00807213999724,256.016140720003,392.8848366699949,746.482811140002
6,2_cars,99.2605732380016,220.30301819000306,430.31916545999957,677.6221638999996,1242.2362610300006
6,3+_cars,58.37697356400031,67.58184959999926,150.1636914999999,263.31926764000036,516.6385429499996
4,no_car,-154.80224867399738,-42.00009432999832,-51.00017925999782,-73.99987568999859,-27.999140550002267
4,1_car,-14.398941690003994,171.00415379000333,353.00820777999616,557.0131913899968,1046.023088460006
4,2_cars,147.00108410399662,236.00353752999763,458.00631360999614,734.0098639100015,1369.0174424399993
4,3+_cars,62.401162703999944,60.0020099999997,127.00407323999843,217.00652071000013,418.01189219000025
1,no_car,-6.501462515999947,4.965013779999822,10.896097709999935,17.861223289999884,39.656154960000094
1,1_car,-11.917358153999885,46.48816784000019,88.04483093999988,138.46461879999924,251.23705814000004
1,2_cars,23.755418508000275,85.10746883000047,155.38941979000037,235.53415274999998,412.72592725999857
1,3+_cars,21.37308295799994,36.58505312999978,73.17094683999994,117.68762182,236.37470352999958
17,no_car,-258.0000016139911,-54.00000025000736,-68.00000031999116,-112.00000059999365,-70.0000004400099
17,1_car,-6.5999996999962605,383.00000217999695,744.0000042399988,1127.0000064499764,2040.0000115799994
17,2_cars,226.20000117000018,418.0000019100062,812.0000038399976,1281.0000061899882,2338.0000115000075
17,3+_cars,123.00000055200053,157.00000064999858,334.0000013099998,581.0000023100001,1124.000004540003
15,no_car,-130.9259106599984,38.35665127000175,81.06994650999877,101.4265911399998,197.56647341999815
15,1_car,-2.6978992320000543,325.7763036400029,630.839311089996,945.9023255399989,1670.8815341600057
15,2_cars,138.59583647399813,351.27280448999954,677.7623745399978,1054.035184960001,1911.2940908599994
15,3+_cars,75.16785658200024,115.92310820000057,236.55950910000047,405.26584534999984,760.7484566699995
16,no_car,-132.2870261040007,15.792847640000218,33.79285657000128,33.0000217099996,114.96426547999909
16,1_car,-12.82713111600242,311.0283202600003,588.4709547400016,884.499276999999,1581.3130121700015
16,2_cars,149.43845392799813,356.9925696099981,681.8137561200001,1054.8063281600025,1883.9628843200026
16,3+_cars,94.38419882400012,134.5141546699997,287.8211525000006,488.2995382200006,940.8062262999993
11,no_car,-26.99999402399999,8.013074679999818,15.623534670000026,23.233995039999854,52.662757830000146
11,1_car,-8.40784481999981,88.4549043800007,167.70196561000103,254.75425369999994,463.07974964000005
11,2_cars,40.69097644199883,123.89674378000018,229.78041340000073,348.0666963400008,607.6523356800008
11,3+_cars,33.03137651399993,51.06537359999993,103.93597784999974,175.02750045999983,349.2628448199998
14,no_car,-8.158659203999946,4.195530080000026,9.391061079999986,15.586590199999932,29.776536239999928
14,1_car,-4.917320807999658,43.575416839999434,78.95530583000027,117.93296044999988,213.67597469999964
14,2_cars,13.675981284000045,64.96089616000017,120.92737869999928,177.89386413999955,300.02236636
14,3+_cars,16.31061551400012,33.77653431999988,76.54747519000034,127.1117134499998,248.02789999000015
13,no_car,-7.545763860000079,8.821287739999775,17.14372021000031,28.95425522999983,56.55154784000001
13,1_car,-13.518481091999547,61.02545895999992,116.908105970002,180.88236462999885,339.21844368999973
13,2_cars,24.68205491400022,105.7822121499994,195.82885779999924,295.8302136599996,510.44007059999876
13,3+_cars,29.817448908000188,55.041952200000196,114.62319535999995,188.78509501000008,376.34394540999983
12,no_car,-71.65577855399988,-7.286874960002024,0.4262540200006697,9.852501389999816,69.41814442000032
12,1_car,-34.967269799999485,149.99193404999642,304.98386554999706,476.1151733000006,910.5171886499993
12,2_cars,84.33941932800553,212.69696578000003,404.68080350999844,629.3777830100007,1146.7636361900022
12,3+_cars,64.02302048999991,91.41814393999994,195.83629449999898,331.68070997000086,648.3614147999997
28,no_car,-226.19982327599973,-62.99994825000067,-87.99991579000016,-129.99987051000062,-102.99986978999914
28,1_car,32.39998368000306,248.99983852999867,488.99967908000326,767.9994941500008,1478.9990138299981
28,2_cars,193.19984572199974,305.9997687999985,596.9995387700001,968.9992422500018,1846.99854477
28,3+_cars,83.99992892999944,68.99994814999991,151.99988605,276.9997884200002,535.9995822299998
18,no_car,-111.4740859020012,21.64333596999859,47.930023079999955,56.57336632999977,125.43345795999994
18,1_car,-8.102082780000273,280.22361857000215,547.1605361200018,816.0974586899974,1445.1181122199996
18,2_cars,127.80414668999947,305.7271049400024,588.23746115,921.9645774400014,1678.705513490002
18,3+_cars,59.232127308000145,87.07684392999909,181.4403960900013,311.7339994399995,581.2512540999996
19,no_car,-9.313017882000167,7.2071499199998925,15.207145889999765,21.999982329999966,48.03576129999976
19,1_car,-9.372883529999399,55.97177628999998,103.52924210000037,155.50102141999923,285.6875170299995
19,2_cars,16.761607368000114,83.00755690000142,153.18649000000005,231.19405211000094,403.03779895999924
19,3+_cars,24.415824348000342,46.48587220999934,98.17889850999973,163.70055006999974,321.19394597000064
20,no_car,-45.00005039999951,19.987039049999566,36.376697720000266,57.76638752999952,123.3379300900001
20,1_car,-15.5922279360002,167.54574185000092,318.2994105300004,485.2478892899999,890.9241890900012
20,2_cars,74.50916012999915,242.10432367000067,448.22165278000284,681.9363677800029,1205.3529478499986
20,3+_cars,65.96889312599978,102.93523420999918,213.0652763199996,352.97458927000025,682.7411397400001
27,no_car,-200.40000101400074,35.99998052999945,85.99994748000063,123.99992175999978,305.9998643900017
27,1_car,-43.19997597600377,502.99987633001,953.99976314999,1436.9996498900036,2561.9993826900027
27,2_cars,272.99996556599945,701.9997775499942,1325.999595950001,2038.9994038800069,3599.9990207299998
27,3+_cars,164.39993970600153,213.99986854000053,453.9997326499979,761.9995580599989,1468.9991203000045
22,no_car,-76.51701403799916,8.283342189999985,18.617883769999935,22.464308929999333,66.18092444000058
22,1_car,-1.8756812760002504,160.8116642900004,299.2138370700013,453.0766913100033,824.8333898500005
22,2_cars,94.03766806799922,202.47342578999996,387.0254651699988,600.7274380799981,1086.0765115500017
22,3+_cars,49.4906438579992,58.79518658999905,126.05105947999982,213.48789378999982,407.3067184399988
29,no_car,-154.19997620400136,20.999998620000042,59.00000292999903,77.00000705000093,211.99998118000076
29,1_car,-44.3999349600017,377.9999396699968,730.9998759699993,1108.999857660001,1991.9997276100003
29,2_cars,198.5999310299976,457.9998452,880.9997143,1357.9995677100014,2419.999283609999
29,3+_cars,125.99993826599894,163.9999260200011,343.99984572000085,578.999728929999,1125.9994884900025
21,no_car,-25.199244894000458,-1.9999459299997397,-0.9999754700002086,1.999821310000243,21.99909972999967
21,1_car,-19.79918835600074,53.99824463999994,106.99653636999938,163.99487197000053,311.9898752299996
21,2_cars,31.798937352000394,89.99684436999814,171.99389306000012,263.99073707000025,467.9837446400006
21,3+_cars,31.198834025999986,43.99822682000013,94.99624575000007,163.99334896999972,335.98655494000013
26,no_car,-49.2008094060011,21.000066190000325,47.00031197999988,75.00047967999944,173.0015102899979
26,1_car,-64.80109621799784,197.00244089000262,390.004718890008,597.007604710001,1124.0140301200045
26,2_cars,93.6013161660012,300.00454451999576,571.0089521199989,882.0134005200016,1568.0234198099934
26,3+_cars,82.2015798600014,118.00260289000107,269.00553197000136,459.0089551299998,893.0181951899995
24,no_car,-211.2005432340011,40.99990902999889,106.99982654999803,133.9998179899958,312.99972735999654
24,1_car,-49.79946939599904,523.0002065400004,1006.0004393499912,1568.0001011099994,2752.000543740003
24,2_cars,250.20014060999893,590.9991120100021,1156.998141529999,1794.9974576899986,3218.995827599989
24,3+_cars,131.9997177719988,163.9992739900008,361.9983912400012,595.9980660099991,1147.996008909995
23,no_car,-394.1993695440033,70.999952629998,179.999802620001,181.99982354999884,429.9995466599976
23,1_car,52.7997821819954,673.9989602600035,1307.9980469300062,2004.9970129700014,3537.994837099992
23,2_cars,338.999538905995,628.9992921099984,1226.9986173699908,1948.9977846999973,3570.9958707700025
23,3+_cars,163.1998272539995,164.99985534000007,341.99970488000054,620.9994121499967,1197.998782200004
25,no_car,-69.6000158400011,13.999995040000158,34.9999933199997,38.99999663000017,93.99999465000019
25,1_car,-15.000010302001101,182.00001287000123,353.00002043000313,525.000040339999,917.0000842000009
25,2_cars,82.80002890200012,194.0000500999995,377.00009581999984,584.0001515400008,1047.0002939300002
25,3+_cars,44.40000637200001,55.99999884999988,119.00000583999918,211.00000615999943,397.0000335999998
30,no_car,0.0,0.0,0.0,0.0,0.0
30,1_car,0.0,0.0,0.0,0.0,0.0
30,2_cars,0.0,0.0,0.0,0.0,0.0
30,3+_cars,0.0,0.0,0.0,0.0,0.0
